Sex,LastNameKZ,LastNameEn
M,АХМЕТОВ,
M,СЕРІК,
M,ОМАРОВ,
M,ОСПАНОВ,
M,МАРАТ,
M,АМАНГЕЛДІ,
M,СУЛЕЙМЕНОВ,
M,БОЛАТ,
M,МҰРАТ,
M,ИСКАКОВ,
M,КАЛИЕВ,
M,ИБРАЕВ,
M,АБДРАХМАНОВ,
M,ҚАЙРАТ,
M,НҰРЛАН,
M,СМАГУЛОВ,
M,СЕРІКБАЙ,
M,АСҚАР,
M,НУРГАЛИЕВ,
M,САДЫКОВ,
M,ТАЛҒАТ,
M,ЖАҚСЫЛЫҚ,
M,КУСАИНОВ,
M,ТУЛЕГЕНОВ,
M,ЖУМАБАЕВ,
M,ТӨЛЕГЕН,
M,АУБАКИРОВ,
M,ЖУНУСОВ,
M,АБИШЕВ,
M,СУЛТАНОВ,
M,ҚАНАТ,
M,АЛИЕВ,
M,АСАНОВ,
M,СЕРИКБАЕВ,
M,САРСЕНБАЕВ,
M,АМАНТАЙ,
M,СЫЗДЫКОВ,
M,ОРЫНБАСАР,
M,КАСЕНОВ,
M,ИСАЕВ,
M,ЕРЖАН,
M,ЖҰМАБЕК,
M,ҚУАНЫШ,
M,АСАН,
M,УТЕГЕНОВ,
M,ЖҰМАБАЙ,
M,БАУЫРЖАН,
M,БАЗАРБАЕВ,
M,БАҚЫТ,
M,МУКАНОВ,
M,МУСИН,
M,РАМАЗАНОВ,
M,БАЗАРБАЙ,
M,МУРАТОВ,
M,КАСЫМОВ,
M,АСКАРОВ,
M,МУКАШЕВ,
M,ИБРАГИМОВ,
M,КАРИМОВ,
M,СЕРИКОВ,
M,АМАНЖОЛ,
M,ЕРЖАНОВ,
M,ЖАКУПОВ,
M,РАХИМОВ,
M,ЖУСУПОВ,
M,АХМЕТ,
M,БЕРІК,
M,АМАНЖОЛОВ,
M,ЖУМАБЕКОВ,
M,РАХМЕТОВ,
M,АБДУЛЛАЕВ,
M,ҚҰДАЙБЕРГЕН,
M,ЕРКІН,
M,КЕНЖЕБАЕВ,
M,ОРАЗБАЕВ,
M,ХАСЕНОВ,
M,ШАРИПОВ,
M,ИЛЬЯСОВ,
M,МҰХТАР,
M,КУДАЙБЕРГЕНОВ,
M,САПАРОВ,
M,ЕРМЕК,
M,АБАЙ,
M,МУСАЕВ,
M,БАҚЫТЖАН,
M,НУРЖАНОВ,
M,САРСЕНОВ,
M,КОЖАХМЕТОВ,
M,АЛТЫНБЕК,
M,АСЫЛБЕК,
M,АЙТБАЕВ,
M,АЙТЖАНОВ,
M,ИСМАИЛОВ,
M,АХМЕТЖАНОВ,
M,МАРАТОВ,
M,ҚУАНДЫҚ,
F,АХМЕТОВА,
F,СЕРІК,
F,ОМАРОВА,
F,ОСПАНОВА,
F,СУЛЕЙМЕНОВА,
F,ИСКАКОВА,
F,МАРАТ,
F,КАЛИЕВА,
F,ИБРАЕВА,
F,АБДРАХМАНОВА,
F,АМАНГЕЛДІ,
F,БОЛАТ,
F,СМАГУЛОВА,
F,МҰРАТ,
F,САДЫКОВА,
F,НУРГАЛИЕВА,
F,ҚАЙРАТ,
F,НҰРЛАН,
F,КУСАИНОВА,
F,ТУЛЕГЕНОВА,
F,СЕРІКБАЙ,
F,СУЛТАНОВА,
F,3АУБАКИРОВА,
F,АСҚАР,
F,ЖУМАБАЕВА,
F,АБИШЕВА,
F,ЖУНУСОВА,
F,АЛИЕВА,
F,ТАЛҒАТ,
F,АСАНОВА,
F,САРСЕНБАЕВА,
F,СЕРИКБАЕВА,
F,СЫЗДЫКОВА,
F,КАСЕНОВА,
F,ИСАЕВА,
F,ЖАҚСЫЛЫҚ,
F,МУКАНОВА,
F,УТЕГЕНОВА,
F,КАСЫМОВА,
F,МУСИНА,
F,ИБРАГИМОВА,
F,МУКАШЕВА,
F,РАМАЗАНОВА,
F,МУРАТОВА,
F,АСКАРОВА,
F,КАРИМОВА,
F,ЕРЖАНОВА,
F,ЖАКУПОВА,
F,ЖУСУПОВА,
F,БАЗАРБАЕВА,
F,ТӨЛЕГЕН,
F,РАХИМОВА,
F,ЖУМАБЕКОВА,
F,ҚАНАТ,
F,РАХМЕТОВА,
F,СЕРИКОВА,
F,АБДУЛЛАЕВА,
F,ИЛЬЯСОВА,
F,ШАРИПОВА,
F,ХАСЕНОВА,
F,АМАНЖОЛОВА,
F,ОРАЗБАЕВА,
F,ОРЫНБАСАР,
F,3АМАНТАЙ,
F,НУРЖАНОВА,
F,КЕНЖЕБАЕВА,
F,КУДАЙБЕРГЕНОВА,
F,МУСАЕВА,
F,БАУЫРЖАН,
F,САПАРОВА,
F,ҚУАНЫШ,
F,САРСЕНОВА,
F,КОЖАХМЕТОВА,
F,БАҚЫТ,
F,ЖҰМАБЕК,
F,АСАН,
F,ЕРЖАН,
F,3АЙТЖАНОВА,
F,БАЗАРБАЙ,
F,АХМЕТЖАНОВА,
F,ЖҰМАБАЙ,
F,АЙТБАЕВА,
F,МУСТАФИНА,
F,ИСМАИЛОВА,
F,БЕРІК,
F,ЖУМАГАЛИЕВА,
F,ЮСУПОВА,
F,АМАНЖОЛ,
F,АХМЕТ,
F,УСЕНОВА,
F,ЕРКІН,
F,АМИРОВА,
F,АБЕНОВА,
F,БАҚЫТЖАН,
F,АМАНОВА,
F,ҚҰДАЙБЕРГЕН,